<Backups xmlns="http://www.microsoft.com/GroupPolicy/GPOOperations/Manifest" xmlns:mfst="http://www.microsoft.com/GroupPolicy/GPOOperations/Manifest" mfst:version="1.0"><BackupInst><GPOGuid><![CDATA[{BC143ECA-647F-4E31-A917-58FB287470E1}]]></GPOGuid><GPODomain><![CDATA[contoso.com]]></GPODomain><GPODomainGuid><![CDATA[{23cc7e0b-8ca4-410e-8628-f968654af0e6}]]></GPODomainGuid><GPODomainController><![CDATA[sgazlabdc01.contoso.com]]></GPODomainController><BackupTime><![CDATA[2020-02-10T14:29:49]]></BackupTime><ID><![CDATA[{FA859867-9EB6-48F6-A400-7304E3FD8298}]]></ID><Comment><![CDATA[]]></Comment><GPODisplayName><![CDATA[Auditing]]></GPODisplayName></BackupInst></Backups>